Drug,ARG144,ARG225,ARG282,ARG66,GLN223,GLN287,GLU254,GLU256,GLY109,GLY149,GLY62,HIS108,ILE253,LEU279,LEU280,LEU295,MET110,MET255,PHE219,PHE220,THR147,THR63,VAL288
bagrosin,1,0,0,3,0,0,1,1,0,0,1,0,0,1,1,0,1,0,2,0,0,0,1
canagliflozin,1,0,0,2,0,0,0,1,0,0,1,0,0,2,0,1,0,1,2,0,1,0,0
capmatinib,1,1,0,1,0,0,0,0,0,0,1,0,1,2,0,1,0,0,1,0,2,1,0
cefaclor,2,0,0,1,2,0,0,0,1,1,1,1,0,1,1,0,0,1,1,0,2,0,1
cefalexin,2,0,0,0,1,0,0,0,0,1,1,1,1,1,1,0,0,1,1,0,0,1,1
cefradine,2,0,0,0,1,0,0,0,0,1,1,1,1,1,1,0,0,1,1,0,0,1,1
flavoxate,1,0,0,2,0,0,1,0,0,0,0,0,0,2,1,1,0,1,2,0,1,0,1
loracarbef,2,0,0,1,2,0,0,1,0,1,1,1,0,1,1,0,0,1,1,0,1,0,1
lorpiprazole,1,0,0,2,0,0,1,0,0,0,0,0,0,1,0,0,0,0,2,0,2,1,1
midostaurin,0,0,0,0,0,0,0,1,0,0,0,0,0,1,1,2,1,0,2,0,1,1,1
moxifloxacin,0,1,1,0,2,0,1,0,1,1,0,0,0,1,0,0,0,0,2,0,1,1,1
nafamostat,1,1,0,0,0,3,1,1,0,1,0,0,0,1,1,0,0,1,2,0,0,0,1
radotinib,1,0,0,0,0,0,1,0,0,1,0,0,0,0,0,0,0,0,1,1,2,1,1
selinexor,1,0,0,2,0,0,0,1,0,0,0,0,0,1,0,0,0,1,1,0,1,0,1
tucatinib,1,0,0,1,0,0,0,0,0,0,0,0,0,2,0,1,0,0,2,0,1,0,2
