Residue,H-Bond (Lig Donor),H-Bond (Prot Donor),Hydrophobic,Pi-Stacking (T),Salt Bridge,All
All,19,63,71,18,13,184
PHE219,0,0,5,18,0,23
LEU279,0,0,18,0,0,18
ARG144,0,13,0,0,4,17
ARG66,1,12,0,0,2,15
THR147,3,9,3,0,0,15
VAL288,0,0,14,0,0,14
GLN223,3,5,0,0,0,8
MET255,0,7,1,0,0,8
LEU280,0,0,8,0,0,8
GLY62,0,7,0,0,0,7
GLY149,0,7,0,0,0,7
THR63,0,0,7,0,0,7
LEU295,0,0,6,0,0,6
GLU256,5,0,0,0,1,6
GLU254,0,0,6,0,0,6
HIS108,0,0,0,0,4,4
ARG225,0,2,0,0,1,3
GLN287,2,1,0,0,0,3
ILE253,3,0,0,0,0,3
MET110,0,0,2,0,0,2
GLY109,2,0,0,0,0,2
ARG282,0,0,0,0,1,1
PHE220,0,0,1,0,0,1
